{"cameraMode":{"drawMode":0,"name":"Shaded","section":"Shading Mode"},"sceneLighting":false,"audioPlay":false,"sceneViewState":{"m_AlwaysRefresh":false,"showFog":true,"showSkybox":false,"showFlares":true,"showImageEffects":true,"showParticleSystems":true,"showVisualEffectGraphs":true,"m_FxEnabled":true},"in2DMode":false,"pivot":{"x":8.959709167480469,"y":1.4599990844726563,"z":31.732791900634767},"rotation":{"x":-0.006321268621832132,"y":0.9938333630561829,"z":-0.07198449224233628,"w":-0.08669225871562958},"size":8.077713966369629,"orthographic":false}