{"cameraMode":{"drawMode":0,"name":"Shaded","section":"Shading Mode"},"sceneLighting":true,"audioPlay":false,"sceneViewState":{"m_AlwaysRefresh":false,"showFog":true,"showSkybox":true,"showFlares":true,"showImageEffects":true,"showParticleSystems":true,"showVisualEffectGraphs":true,"m_FxEnabled":true},"in2DMode":false,"pivot":{"x":2.8966012001037599,"y":3.000000238418579,"z":26.808475494384767},"rotation":{"x":0.07335281372070313,"y":-0.10273095965385437,"z":0.007584108039736748,"w":0.99198979139328},"size":4.330129623413086,"orthographic":false}