{"cameraMode":{"drawMode":0,"name":"Shaded","section":"Shading Mode"},"sceneLighting":true,"audioPlay":false,"sceneViewState":{"m_AlwaysRefresh":false,"showFog":true,"showSkybox":true,"showFlares":true,"showImageEffects":true,"showParticleSystems":true,"showVisualEffectGraphs":true,"m_FxEnabled":true},"in2DMode":false,"pivot":{"x":-1.2824879884719849,"y":2.6024062633514406,"z":-1.5789622068405152},"rotation":{"x":0.0006750252796337009,"y":1.0003135204315186,"z":-0.014396995306015015,"w":0.007204304449260235},"size":5.558676719665527,"orthographic":true}