{"cameraMode":{"drawMode":0,"name":"Shaded","section":"Shading Mode"},"sceneLighting":true,"audioPlay":false,"sceneViewState":{"m_AlwaysRefresh":false,"showFog":true,"showSkybox":true,"showFlares":true,"showImageEffects":true,"showParticleSystems":true,"showVisualEffectGraphs":true,"m_FxEnabled":true},"in2DMode":false,"pivot":{"x":-0.4147167205810547,"y":1.923447608947754,"z":-1.5059916973114014},"rotation":{"x":-0.2992207407951355,"y":0.07347042858600617,"z":-0.023116298019886018,"w":-0.9510736465454102},"size":4.672281742095947,"orthographic":false}