{"cameraMode":{"drawMode":0,"name":"Shaded","section":"Shading Mode"},"sceneLighting":true,"audioPlay":false,"sceneViewState":{"m_AlwaysRefresh":false,"showFog":true,"showSkybox":true,"showFlares":true,"showImageEffects":true,"showParticleSystems":true,"showVisualEffectGraphs":true,"m_FxEnabled":true},"in2DMode":false,"pivot":{"x":29.00189208984375,"y":-162.29684448242188,"z":146.54141235351563},"rotation":{"x":0.452172189950943,"y":0.14205633103847505,"z":-0.07320162653923035,"w":0.8774996995925903},"size":163.70001220703126,"orthographic":false}