{"cameraMode":{"drawMode":0,"name":"Shaded","section":"Shading Mode"},"sceneLighting":true,"audioPlay":false,"sceneViewState":{"m_AlwaysRefresh":false,"showFog":true,"showSkybox":true,"showFlares":true,"showImageEffects":true,"showParticleSystems":true,"showVisualEffectGraphs":true,"m_FxEnabled":true},"in2DMode":false,"pivot":{"x":-9.553617477416993,"y":31.161033630371095,"z":107.48585510253906},"rotation":{"x":0.6263759136199951,"y":0.008188300766050816,"z":-0.006582575850188732,"w":0.7796608209609985},"size":105.88748168945313,"orthographic":false}