{"cameraMode":{"drawMode":0,"name":"Shaded","section":"Shading Mode"},"sceneLighting":true,"audioPlay":false,"sceneViewState":{"m_AlwaysRefresh":false,"showFog":true,"showSkybox":true,"showFlares":true,"showImageEffects":true,"showParticleSystems":true,"showVisualEffectGraphs":true,"m_FxEnabled":true},"in2DMode":false,"pivot":{"x":0.9479832053184509,"y":1.6112369298934937,"z":-1.0152018070220948},"rotation":{"x":-0.24416057765483857,"y":0.3614632785320282,"z":-0.09855272620916367,"w":-0.8946150541305542},"size":2.3419103622436525,"orthographic":false}