{"cameraMode":{"drawMode":0,"name":"Shaded","section":"Shading Mode"},"sceneLighting":true,"audioPlay":false,"sceneViewState":{"m_AlwaysRefresh":false,"showFog":true,"showSkybox":true,"showFlares":true,"showImageEffects":true,"showParticleSystems":true,"showVisualEffectGraphs":true,"m_FxEnabled":true},"in2DMode":false,"pivot":{"x":-0.764164924621582,"y":5.100000381469727,"z":-10.652145385742188},"rotation":{"x":0.39883318543434145,"y":0.032560914754867557,"z":-0.015207123942673207,"w":0.9167343378067017},"size":12.124356269836426,"orthographic":false}