{"cameraMode":{"drawMode":0,"name":"Shaded","section":"Shading Mode"},"sceneLighting":true,"audioPlay":false,"sceneViewState":{"m_AlwaysRefresh":false,"showFog":true,"showSkybox":true,"showFlares":true,"showImageEffects":true,"showParticleSystems":true,"showVisualEffectGraphs":true,"m_FxEnabled":true},"in2DMode":false,"pivot":{"x":-276.7176208496094,"y":2.2545876502990724,"z":-61.095829010009769},"rotation":{"x":-0.0008660477469675243,"y":0.9980668425559998,"z":-0.016792327165603639,"w":-0.06457405537366867},"size":8.819273948669434,"orthographic":false}