{"cameraMode":{"drawMode":0,"name":"Shaded","section":"Shading Mode"},"sceneLighting":false,"audioPlay":false,"sceneViewState":{"m_AlwaysRefresh":false,"showFog":true,"showSkybox":false,"showFlares":true,"showImageEffects":true,"showParticleSystems":true,"showVisualEffectGraphs":true,"m_FxEnabled":true},"in2DMode":false,"pivot":{"x":-0.8101768493652344,"y":2.5000009536743166,"z":-1.4921445846557618},"rotation":{"x":0.19506175816059113,"y":-0.5565682649612427,"z":0.13637472689151765,"w":0.7959980964660645},"size":2.872281312942505,"orthographic":false}