{"cameraMode":{"drawMode":0,"name":"Shaded","section":"Shading Mode"},"sceneLighting":false,"audioPlay":false,"sceneViewState":{"m_AlwaysRefresh":false,"showFog":true,"showSkybox":false,"showFlares":true,"showImageEffects":true,"showParticleSystems":true,"showVisualEffectGraphs":true,"m_FxEnabled":true},"in2DMode":false,"pivot":{"x":8.341337203979493,"y":1.0999999046325684,"z":28.675945281982423},"rotation":{"x":0.0937926173210144,"y":-0.006836582440882921,"z":0.0012119595194235445,"w":0.9960084557533264},"size":1.0392309427261353,"orthographic":true}