{"cameraMode":{"drawMode":0,"name":"Shaded","section":"Shading Mode"},"sceneLighting":false,"audioPlay":false,"sceneViewState":{"m_AlwaysRefresh":false,"showFog":true,"showSkybox":false,"showFlares":true,"showImageEffects":true,"showParticleSystems":true,"showVisualEffectGraphs":true,"m_FxEnabled":true},"in2DMode":false,"pivot":{"x":5.320000171661377,"y":3.2200002670288088,"z":55.439998626708987},"rotation":{"x":0.08184118568897248,"y":0.008101943880319596,"z":-0.00013755787222180516,"w":0.9970501065254211},"size":2.598076343536377,"orthographic":true}