{"cameraMode":{"drawMode":0,"name":"Shaded","section":"Shading Mode"},"sceneLighting":false,"audioPlay":false,"sceneViewState":{"m_AlwaysRefresh":false,"showFog":true,"showSkybox":false,"showFlares":true,"showImageEffects":true,"showParticleSystems":true,"showVisualEffectGraphs":true,"m_FxEnabled":true},"in2DMode":false,"pivot":{"x":0.0041828155517578129,"y":0.0033740997314453127,"z":0.013225555419921875},"rotation":{"x":0.3061864376068115,"y":0.15081444382667542,"z":-0.04920288547873497,"w":0.9386738538742065},"size":18.59683609008789,"orthographic":false}