{"cameraMode":{"drawMode":0,"name":"Shaded","section":"Shading Mode"},"sceneLighting":false,"audioPlay":false,"sceneViewState":{"m_AlwaysRefresh":false,"showFog":true,"showSkybox":false,"showFlares":true,"showImageEffects":true,"showParticleSystems":true,"showVisualEffectGraphs":true,"m_FxEnabled":true},"in2DMode":false,"pivot":{"x":-0.005520429462194443,"y":0.12129615247249603,"z":0.0028851330280303957},"rotation":{"x":-0.2206379622220993,"y":0.7557264566421509,"z":-0.31407859921455386,"w":-0.53081214427948},"size":0.20277950167655946,"orthographic":false}